"ID","Name","Gender","Email","DOB","Blood_Group","Degree","Occupation","User_Name","Password","Confirm_Password"
"1","Mahabub","Male","mahabub@gmail.com","2001-10-12","A+","BSC","Student","mahabub","12345","12345"
"12","ijaz","Male","ijaz@gmail.com","2001-10-12","A-","BSC","Student","ijaz","123","123"
"13","abc","Male","abc@gmail.com","2000-01-01","A+","BSC","Student","abc","123","123"
"14","xyz","Male","xyz@gmail.com","2002-01-01","O+","Others","Student","xyz","123","123"
"15","abcd","Male","abcd@gmail.com","2002-10-10","A-","Others","Student","abcd","123","123"
"16","Fahad","Male","fahad@gmail.com","1999-12-05","B+","Others","Student","fahad","12345","12345"
"17","Ove","Male","ove@gmail.com","2000-10-10","AB+","MSC","Student","ove","12345","12345"
"20","Mahabub","Male","mahabub@gmail.com","2001-10-12","A-","BSC","Student","mahabub","12345","12345"
"21","Mahabub","Male","mahabub@gmail.com","2001-10-12","A-","BSC","Student","mahabub","12345","12345"
